#! IncludeWeaponSound
# This file define battle parameters of characters.
# -----------------------------------------------
# Id;AvatarSprite;ModelId;TranceModelId;TranceGlowingColor;MP_IDLE_NORMAL;MP_IDLE_DYING;MP_DAMAGE1;MP_DAMAGE2;MP_DISABLE;MP_GET_UP_DYING;MP_GET_UP_DISABLE;MP_DOWN_DYING;MP_DOWN_DISABLE;MP_IDLE_CMD;MP_NORMAL_TO_CMD;MP_DYING_TO_CMD;MP_IDLE_TO_DEF;MP_DEFENCE;MP_DEF_TO_IDLE;MP_COVER;MP_AVOID;MP_ESCAPE;MP_WIN;MP_WIN_LOOP;MP_SET;MP_RUN;MP_RUN_TO_ATTACK;MP_ATTACK;MP_BACK;MP_ATK_TO_NORMAL;MP_IDLE_TO_CHANT;MP_CHANT;MP_MAGIC;MP_STEP_FORWARD;MP_STEP_BACK;MP_ITEM1;MP_CMD_TO_NORMAL;MP_SPECIAL;AttackSequence;WeaponBone;ShadowData;StatusBones;StatusOffsetsY;StatusOffsetsZ;WeaponSounds
# Int32;String;String;String;UInt8[];String;String;String;String;String;String;String;String;String;String;String;String;String;String;String;String;String;String;String;String;String;String;String;String;String;String;String;String;String;String;String;String;String;String;Int32;UInt8;UInt8[];UInt8[];Int8[];Int8[];Int32[]
# -----------------------------------------------
19;face13;GEO_SUB_F0_KJA;GEO_SUB_F0_KJG;255, 96, 96;ANH_SUB_F0_KJA_BTL_IDLE1;ANH_SUB_F0_KJA_BTL_IDLE2;ANH_MON_B3_125_003;ANH_SUB_F0_KJA_BTL_DAMAGE2;ANH_SUB_F0_KJA_BTL_KO;ANH_SUB_F0_KJA_BTL_IDLE2TO1;ANH_SUB_F0_KJA_BTL_RAISE;ANH_SUB_F0_KJA_BTL_IDLE1TO2;ANH_SUB_F0_KJA_BTL_GETKO;ANH_SUB_F0_KJA_BTL_IDLE3;ANH_SUB_F0_KJA_BTL_IDLE1TO3;ANH_SUB_F0_KJA_BTL_IDLE2TO3;ANH_SUB_F0_KJA_BTL_DEFIN;ANH_SUB_F0_KJA_BTL_DEFLOOP;ANH_SUB_F0_KJA_BTL_DEFOUT;ANH_MON_B3_125_021;ANH_SUB_F0_KJA_BTL_AVOID;ANH_SUB_F0_KJA_BTL_FLEE;ANH_SUB_F0_KJA_BTL_WIN;ANH_SUB_F0_KJA_BTL_WINLOOP;ANH_SUB_F0_KJA_BTL_SET;ANH_SUB_F0_KJA_BTL_RUN;ANH_SUB_F0_KJA_BTL_RUNTOATK;ANH_SUB_F0_KJA_BTL_ATK;ANH_SUB_F0_KJA_BTL_BACK;ANH_SUB_F0_KJA_BTL_ATKTONORMAL;ANH_MON_B3_125_020;ANH_MON_B3_125_021;ANH_MON_B3_125_022;ANH_SUB_F0_KJA_BTL_STEPFORWARD;ANH_SUB_F0_KJA_BTL_STEPBACK;ANH_SUB_F0_KJA_BTL_ITEM;ANH_SUB_F0_KJA_BTL_IDLE3TO1;ANH_SUB_F0_KJA_BTL_SPECIAL;10040;18;1, 13, 196, 204, 0;21, 21, 21, 21, 21, 1;-10, 0, -7, -1, -7, -18;-1, -2, -9, -10, -6, 0;904, 22;# Custom battle parameters 19
20;face14;GEO_SUB_F0_FLT;GEO_SUB_F0_FLT;192, 104, 144;ANH_SUB_F0_FLT_BTL_000;ANH_SUB_F0_FLT_BTL_022;ANH_SUB_F0_FLT_BTL_300;ANH_SUB_F0_FLT_BTL_310;ANH_SUB_F0_FLT_BTL_033;ANH_SUB_F0_FLT_BTL_020;ANH_SUB_F0_FLT_BTL_032;ANH_SUB_F0_FLT_BTL_002;ANH_SUB_F0_FLT_BTL_023;ANH_SUB_F0_FLT_BTL_011;ANH_SUB_F0_FLT_BTL_001;ANH_SUB_F0_FLT_BTL_021;ANH_SUB_F0_FLT_BTL_400;ANH_SUB_F0_FLT_BTL_401;ANH_SUB_F0_FLT_BTL_402;ANH_SUB_F0_FLT_BTL_410;ANH_SUB_F0_FLT_BTL_420;ANH_SUB_F0_FLT_BTL_RUN;ANH_SUB_F0_FLT_BTL_WIN;ANH_SUB_F0_FLT_BTL_WINLOOP;ANH_SUB_F0_FLT_BTL_100;ANH_SUB_F0_FLT_BTL_101;ANH_SUB_F0_FLT_BTL_JUMP1;ANH_SUB_F0_FLT_BTL_ATTACK1;ANH_SUB_F0_FLT_BTL_104;ANH_SUB_F0_FLT_BTL_105;ANH_SUB_F0_FLT_BTL_200;ANH_SUB_F0_FLT_BTL_201;ANH_SUB_F0_FLT_BTL_202;ANH_SUB_F0_FLT_BTL_040;ANH_SUB_F0_FLT_BTL_050;ANH_SUB_F0_FLT_BTL_210;ANH_SUB_F0_FLT_BTL_010;ANH_SUB_F0_FLT_BTL_113;10042;21;16, 1, 182, 192, 0;24, 24, 24, 24, 24, 16;-13, 0, -7, -2, -7, -23;0, -2, -8, -8, -4, 0;901, 20;# Custom battle parameters 20
21;face15;GEO_MON_B3_122;GEO_MON_B3_122;192, 104, 144;ANH_MON_B3_122_000;ANH_MON_B3_122_BTL_DYING;ANH_MON_B3_122_003;ANH_MON_B3_122_BTL_DAMAGE2;ANH_MON_B3_122_BTL_KO;ANH_MON_B3_122_BTL_FROMDYING;ANH_MON_B3_122_BTL_FROMKO;ANH_MON_B3_122_BTL_TODYING;ANH_MON_B3_122_BTL_TOKO;ANH_MON_B3_122_BTL_READY;ANH_MON_B3_122_BTL_TOREADY;ANH_MON_B3_122_BTL_DYINGTOREADY;ANH_MON_B3_122_BTL_TODEF;ANH_MON_B3_122_BTL_DEF;ANH_MON_B3_122_BTL_FROMDEF;ANH_MON_B3_122_BTL_COVER;ANH_MON_B3_122_BTL_DODGE;ANH_MON_B3_122_BTL_FLEE;ANH_MON_B3_122_BTL_WIN;ANH_MON_B3_122_043;ANH_MON_B3_122_010;ANH_MON_B3_122_011;ANH_MON_B3_122_012;ANH_MON_B3_122_013;ANH_MON_B3_122_014;ANH_MON_B3_122_BTL_ATKTONORMAL;ANH_MON_B3_122_020;ANH_MON_B3_122_021;ANH_MON_B3_122_022;ANH_MON_B3_122_BTL_STEPFORWARD;ANH_MON_B3_122_BTL_STEPBACK;ANH_MON_B3_122_BTL_ITEM;ANH_MON_B3_122_BTL_FROMREADY;ANH_MON_B3_122_040;10041;31;14, 1, 182, 192, 0;22, 22, 22, 22, 22, 14;-13, 0, -7, -2, -7, -23;0, -2, -8, -8, -4, 0;900, 83;# Custom battle parameters 21
#! IncludeWeaponOffsets
22;face16;GEO_SUB_F0_SSB;GEO_SUB_F0_SSB;46, 35, 233;ANH_SUB_F0_SSB_BTL_IDLE;ANH_SUB_F0_SSB_BTL_IDLEWEAK;ANH_SUB_F0_SSB_BTL_HIT;ANH_SUB_F0_SSB_BTL_HITSTRONG;ANH_SUB_F0_SSB_BTL_IDLEKO;ANH_SUB_F0_SSB_BTL_WEAK_STAND;ANH_SUB_F0_SSB_BTL_KO_WEAK;ANH_SUB_F0_SSB_BTL_STAND_WEAK;ANH_SUB_F0_SSB_BTL_WEAK_KO;ANH_SUB_F0_SSB_BTL_IDLEREADY;ANH_SUB_F0_SSB_BTL_STAND_READY;ANH_SUB_F0_SSB_BTL_WEAK_READY;ANH_SUB_F0_SSB_BTL_READY_DEFEND;ANH_SUB_F0_SSB_BTL_IDLEDEFEND;ANH_SUB_F0_SSB_BTL_DEFEND_STAND;ANH_SUB_F0_SSB_BTL_COVER;ANH_SUB_F0_SSB_BTL_DODGE;ANH_SUB_F0_SSB_BTL_FLEE;ANH_SUB_F0_SSB_BTL_VICTORY;ANH_SUB_F0_SSB_BTL_VICTORYLOOP;ANH_SUB_F0_SSB_BTL_READY_ATTACK;ANH_SUB_F0_SSB_BTL_ATTACKRUN;ANH_SUB_F0_SSB_BTL_ATTACK1;ANH_SUB_F0_SSB_BTL_ATTACK2;ANH_SUB_F0_SSB_BTL_JUMPBACK1;ANH_SUB_F0_SSB_BTL_JUMPBACK2;ANH_SUB_F0_SSB_BTL_READY_CAST;ANH_SUB_F0_SSB_BTL_IDLE_CAST;ANH_SUB_F0_SSB_BTL_CAST_STAND;ANH_SUB_F0_SSB_BTL_MOVEFORWARD;ANH_SUB_F0_SSB_BTL_MOVEBACKWARD;ANH_SUB_F0_SSB_BTL_ITEM;ANH_SUB_F0_SSB_BTL_READY_STAND;ANH_SUB_F0_SSB_BTL_SPECIAL_CAST;107;11;16, 20, 140, 144, 0;7, 7, 7, 7, 7, 1;-12, 0, -8, -2, -8, -19;-1, -1, -8, -8, -5, 0;902, 70;1,1,1;-10.200000000,-10.600000000,31.000000000;285.076600000,113.683500000,244.101400000;#Custom battle parameters 22
23;face17;GEO_SUB_F2_SSB;GEO_SUB_F2_SSB;53, 185, 1;ANH_SUB_F2_SSB_BTL_IDLE;ANH_SUB_F2_SSB_BTL_IDLEWEAK;ANH_SUB_F2_SSB_BTL_HIT;ANH_SUB_F2_SSB_BTL_HITSTRONG;ANH_SUB_F2_SSB_BTL_IDLEKO;ANH_SUB_F2_SSB_BTL_WEAK_STAND;ANH_SUB_F2_SSB_BTL_KO_WEAK;ANH_SUB_F2_SSB_BTL_STAND_WEAK;ANH_SUB_F2_SSB_BTL_WEAK_KO;ANH_SUB_F2_SSB_BTL_IDLEREADY;ANH_SUB_F2_SSB_BTL_STAND_READY;ANH_SUB_F2_SSB_BTL_WEAK_READY;ANH_SUB_F2_SSB_BTL_READY_DEFEND;ANH_SUB_F2_SSB_BTL_IDLEDEFEND;ANH_SUB_F2_SSB_BTL_DEFEND_STAND;ANH_SUB_F2_SSB_BTL_COVER;ANH_SUB_F2_SSB_BTL_DODGE;ANH_SUB_F2_SSB_BTL_FLEE;ANH_SUB_F2_SSB_BTL_VICTORY;ANH_SUB_F2_SSB_BTL_VICTORYLOOP;ANH_SUB_F2_SSB_BTL_READY_ATTACK;ANH_SUB_F2_SSB_BTL_ATTACKRUN;ANH_SUB_F2_SSB_BTL_ATTACK1;ANH_SUB_F2_SSB_BTL_ATTACK2;ANH_SUB_F2_SSB_BTL_JUMPBACK1;ANH_SUB_F2_SSB_BTL_JUMPBACK2;ANH_SUB_F2_SSB_BTL_READY_CAST;ANH_SUB_F2_SSB_BTL_IDLE_CAST;ANH_SUB_F2_SSB_BTL_CAST_STAND;ANH_SUB_F2_SSB_BTL_MOVEFORWARD;ANH_SUB_F2_SSB_BTL_MOVEBACKWARD;ANH_SUB_F2_SSB_BTL_ITEM;ANH_SUB_F2_SSB_BTL_READY_STAND;ANH_SUB_F2_SSB_BTL_SPECIAL_CAST;101;11;1, 14, 196, 204, 0;7, 7, 7, 7, 7, 1;-10, 0, -7, -1, -7, -19;-1, -2, -9, -10, -6, 0;899, 21;1,1,1;-10.200000000,-10.600000000,31.000000000;285.076600000,113.683500000,244.101400000;#Custom battle parameters 23
24;face18;GEO_NPC_F1_OFF;GEO_NPC_F1_OFF;244, 199, 240;ANH_NPC_F1_OFF_BTL_IDLE;ANH_NPC_F1_OFF_BTL_IDLEWEAK;ANH_NPC_F1_OFF_BTL_HIT;ANH_NPC_F1_OFF_BTL_HITSTRONG;ANH_NPC_F1_OFF_BTL_IDLEKO;ANH_NPC_F1_OFF_BTL_WEAK_STAND;ANH_NPC_F1_OFF_BTL_KO_WEAK;ANH_NPC_F1_OFF_BTL_STAND_WEAK;ANH_NPC_F1_OFF_BTL_WEAK_KO;ANH_NPC_F1_OFF_BTL_IDLEREADY;ANH_NPC_F1_OFF_BTL_STAND_READY;ANH_NPC_F1_OFF_BTL_WEAK_READY;ANH_NPC_F1_OFF_BTL_READY_DEFEND;ANH_NPC_F1_OFF_BTL_IDLEDEFEND;ANH_NPC_F1_OFF_BTL_DEFEND_STAND;ANH_NPC_F1_OFF_BTL_COVER;ANH_NPC_F1_OFF_BTL_DODGE;ANH_NPC_F1_OFF_BTL_FLEE;ANH_NPC_F1_OFF_BTL_VICTORY;ANH_NPC_F1_OFF_BTL_VICTORYLOOP;ANH_NPC_F1_OFF_BTL_READY_ATTACK;ANH_NPC_F1_OFF_BTL_ATTACKRUN;ANH_NPC_F1_OFF_BTL_ATTACK1;ANH_NPC_F1_OFF_BTL_ATTACK2;ANH_NPC_F1_OFF_BTL_JUMPBACK1;ANH_NPC_F1_OFF_BTL_JUMPBACK2;ANH_NPC_F1_OFF_BTL_READY_CAST;ANH_NPC_F1_OFF_BTL_IDLE_CAST;ANH_NPC_F1_OFF_BTL_CAST_STAND;ANH_NPC_F1_OFF_BTL_MOVEFORWARD;ANH_NPC_F1_OFF_BTL_MOVEBACKWARD;ANH_NPC_F1_OFF_BTL_ITEM;ANH_NPC_F1_OFF_BTL_READY_STAND;ANH_NPC_F1_OFF_BTL_SPECIAL_CAST;100;5;1, 14, 196, 204, 0;7, 7, 7, 7, 7, 1;-10, 0, -7, -1, -7, -18;-1, -2, -9, -10, -6, 0;899, 21;-0.635799700,-0.595799700,-0.595799700;1.500000000,7.500000000,-18.000000000;359.455400000,180.838700000,122.996000000;#Custom battle parameters 24
25;face19;GEO_NPC_F0_OFF;GEO_NPC_F0_OFF;119, 0, 143;ANH_NPC_F0_OFF_BTL_IDLE;ANH_NPC_F0_OFF_BTL_IDLEWEAK;ANH_NPC_F0_OFF_BTL_HIT;ANH_NPC_F0_OFF_BTL_HITSTRONG;ANH_NPC_F0_OFF_BTL_IDLEKO;ANH_NPC_F0_OFF_BTL_WEAK_STAND;ANH_NPC_F0_OFF_BTL_KO_WEAK;ANH_NPC_F0_OFF_BTL_STAND_WEAK;ANH_NPC_F0_OFF_BTL_WEAK_KO;ANH_NPC_F0_OFF_BTL_IDLEREADY;ANH_NPC_F0_OFF_BTL_STAND_READY;ANH_NPC_F0_OFF_BTL_WEAK_READY;ANH_NPC_F0_OFF_BTL_READY_DEFEND;ANH_NPC_F0_OFF_BTL_IDLEDEFEND;ANH_NPC_F0_OFF_BTL_DEFEND_STAND;ANH_NPC_F0_OFF_BTL_COVER;ANH_NPC_F0_OFF_BTL_DODGE;ANH_NPC_F0_OFF_BTL_FLEE;ANH_NPC_F0_OFF_THINK_1;ANH_NPC_F0_OFF_THINK_2;ANH_NPC_F0_OFF_BTL_READY_ATTACK;ANH_NPC_F0_OFF_BTL_ATTACKRUN;ANH_NPC_F0_OFF_BTL_ATTACK1;ANH_NPC_F0_OFF_BTL_ATTACK2;ANH_NPC_F0_OFF_BTL_JUMPBACK1;ANH_NPC_F0_OFF_BTL_JUMPBACK2;ANH_NPC_F0_OFF_BTL_READY_CAST;ANH_NPC_F0_OFF_BTL_IDLE_CAST;ANH_NPC_F0_OFF_BTL_CAST_STAND;ANH_NPC_F0_OFF_BTL_MOVEFORWARD;ANH_NPC_F0_OFF_BTL_MOVEBACKWARD;ANH_NPC_F0_OFF_BTL_ITEM;ANH_NPC_F0_OFF_BTL_READY_STAND;ANH_NPC_F0_OFF_BTL_SPECIAL_CAST;118;11;1, 11, 168, 180, 0;7, 7, 7, 7, 7, 1;-10, 0, -6, -1, -6, -18;-1, -2, -7, -8, -5, 0;900, 70;1,1,1;10.000000000,-3.500000000,25.000000000;285.995500000,358.511500000,3.628973000;#Custom battle parameters 24
26;face20;GEO_NPC_F0_RAS;GEO_NPC_F0_RAS;155, 160, 50;ANH_NPC_F0_RAS_BTL_IDLE;ANH_NPC_F0_RAS_BTL_IDLEWEAK;ANH_NPC_F0_RAS_BTL_IDLEWEAK;ANH_NPC_F0_RAS_BTL_HITSTRONG;ANH_NPC_F0_RAS_BTL_IDLEKO;ANH_NPC_F0_RAS_BTL_IDLEKO;ANH_NPC_F0_RAS_BTL_KO_WEAK;ANH_NPC_F0_RAS_BTL_STAND_WEAK;ANH_NPC_F0_RAS_BTL_WEAK_KO;ANH_NPC_F0_RAS_BTL_IDLEREADY;ANH_NPC_F0_RAS_BTL_STAND_READY;ANH_NPC_F0_RAS_BTL_WEAK_READY;ANH_NPC_F0_RAS_BTL_READY_DEFEND;ANH_NPC_F0_RAS_BTL_IDLEDEFEND;ANH_NPC_F0_RAS_BTL_DEFEND_STAND;ANH_NPC_F0_RAS_BTL_COVER;ANH_NPC_F0_RAS_BTL_DODGE;ANH_NPC_F0_RAS_BTL_FLEE;ANH_NPC_F0_RAS_BTL_VICTORY;ANH_NPC_F0_RAS_BTL_VICTORYLOOP;ANH_NPC_F0_RAS_BTL_READY_ATTACK;ANH_NPC_F0_RAS_BTL_READY_ATTACK;ANH_NPC_F0_RAS_BTL_ATTACK1;ANH_NPC_F0_RAS_BTL_ATTACK1;ANH_NPC_F0_RAS_BTL_JUMPBACK1;ANH_NPC_F0_RAS_BTL_JUMPBACK2;ANH_NPC_F0_RAS_BTL_READY_CAST;ANH_NPC_F0_RAS_BTL_IDLE_CAST;ANH_NPC_F0_RAS_BTL_CAST_STAND;ANH_NPC_F0_RAS_BTL_MOVEFORWARD;ANH_NPC_F0_RAS_BTL_MOVEBACKWARD;ANH_NPC_F0_RAS_BTL_ITEM;ANH_NPC_F0_RAS_BTL_READY_STAND;ANH_NPC_F0_RAS_BTL_SPECIAL_CAST;10064;26;1, 1, 182, 204, 0;18, 18, 18, 18, 18, 1;-9, 0, -6, -1, -6, -21;-1, -1, -9, -9, -5, 0;902, 63;1,1,1;0.500000000, 11.000000000, 37.000000000;87.000110000, 0.000000000, 0.000000000;#Custom battle parameters 25
27;face21;GEO_NPC_F0_CLM;GEO_NPC_F0_CLM;247, 184, 241;ANH_NPC_F0_CLM_BTL_IDLE;ANH_NPC_F0_CLM_BTL_IDLEWEAK;ANH_NPC_F0_CLM_BTL_IDLEWEAK;ANH_NPC_F0_CLM_BTL_HITSTRONG;ANH_NPC_F0_CLM_BTL_IDLEKO;ANH_NPC_F0_CLM_BTL_WEAK_STAND;ANH_NPC_F0_CLM_BTL_KO_WEAK;ANH_NPC_F0_CLM_BTL_STAND_WEAK;ANH_NPC_F0_CLM_BTL_STAND_WEAK;ANH_NPC_F0_CLM_BTL_IDLEREADY;ANH_NPC_F0_CLM_BTL_STAND_READY;ANH_NPC_F0_CLM_BTL_WEAK_READY;ANH_NPC_F0_CLM_BTL_WEAK_READY;ANH_NPC_F0_CLM_BTL_IDLEDEFEND;ANH_NPC_F0_CLM_BTL_DEFEND_STAND;ANH_NPC_F0_CLM_BTL_COVER;ANH_NPC_F0_CLM_BTL_DODGE;ANH_NPC_F0_CLM_BTL_FLEE;ANH_NPC_F0_CLM_BTL_VICTORY;ANH_NPC_F0_CLM_BTL_VICTORYLOOP;ANH_NPC_F0_CLM_B;ANH_NPC_F0_CLM_B;ANH_NPC_F0_CLM_B;ANH_NPC_F0_CLM_BTL_READY_ATTACK;ANH_NPC_F0_CLM_B;ANH_NPC_F0_CLM_B;ANH_NPC_F0_CLM_BTL_READY_CAST;ANH_NPC_F0_CLM_BTL_IDLE_CAST;ANH_NPC_F0_CLM_BTL_CAST_STAND;ANH_NPC_F0_CLM_BTL_MOVEFORWARD;ANH_NPC_F0_CLM_BTL_MOVEBACKWARD;ANH_NPC_F0_CLM_BTL_ITEM;ANH_NPC_F0_CLM_BTL_ITEM;ANH_NPC_F0_CLM_BTL_READY_ATTACK;10033;14;1, 1, 126, 132, 0;7, 7, 7, 7, 7, 1;-10, 0, -7, -1, -7, -17;-1, 0, -7, -7, -5, 0;904, 22;1,1,1;-15.500000000,-9.500000000,27.500000000;278.244600000,76.054310000,254.085600000;#Custom battle parameters 27
28;face22;GEO_NPC_F0_RTC;GEO_NPC_F0_RTC;254, 168, 54;ANH_NPC_F0_RTC_BTL_IDLE;ANH_NPC_F0_RTC_BTL_IDLEWEAK;ANH_NPC_F0_RTC_BTL_HIT;ANH_NPC_F0_RTC_BTL_HITSTRONG;ANH_NPC_F0_RTC_BTL_IDLEKO;ANH_NPC_F0_RTC_BTL_WEAK_STAND;ANH_NPC_F0_RTC_BTL_KO_WEAK;ANH_NPC_F0_RTC_BTL_KO_WEAK;ANH_NPC_F0_RTC_BTL_WEAK_KO;ANH_NPC_F0_RTC_BTL_IDLEREADY;ANH_NPC_F0_RTC_BTL_STAND_READY;ANH_NPC_F0_RTC_BTL_WEAK_READY;ANH_NPC_F0_RTC_BTL_WEAK_READY;ANH_NPC_F0_RTC_BTL_IDLEDEFEND;ANH_NPC_F0_RTC_BTL_DEFEND_STAND;ANH_NPC_F0_RTC_BTL_COVER;ANH_NPC_F0_RTC_BTL_DODGE;ANH_NPC_F0_RTC_BTL_FLEE;ANH_NPC_F0_RTC_BTL_VICTORY;ANH_NPC_F0_RTC_BTL_VICTORYLOOP;ANH_NPC_F0_RTC_BTL_READY_ATTACK;ANH_NPC_F0_RTC_BTL_ATTACKRUN;ANH_NPC_F0_RTC_BTL_ATTACK1;ANH_NPC_F0_RTC_BTL_ATTACK2;ANH_NPC_F0_RTC_BTL_JUMPBACK1;ANH_NPC_F0_RTC_BTL_JUMPBACK2;ANH_NPC_F0_RTC_BTL_READY_CAST;ANH_NPC_F0_RTC_BTL_IDLE_CAST;ANH_NPC_F0_RTC_BTL_CAST_STAND;ANH_NPC_F0_RTC_BTL_MOVEFORWARD;ANH_NPC_F0_RTC_BTL_MOVEBACKWARD;ANH_NPC_F0_RTC_BTL_ITEM;ANH_NPC_F0_RTC_BTL_READY_STAND;ANH_NPC_F0_RTC_BTL_SPECIAL_CAST;10036;11;1, 1, 154, 168, 0;7, 7, 7, 7, 7, 1;-11, 0, -8, -3, -8, -18;0, -1, -7, -8, -3, 0;904, 22;.75,.75,.75;-5.500000000,-18.000000000,18.500000000;280.435800000,106.532700000,253.222300000;#Custom battle parameters 28
29;face23;GEO_SUB_F0_NTC;GEO_SUB_F0_NTC;251, 254, 35;ANH_SUB_F0_NTC_BTL_IDLE;ANH_SUB_F0_NTC_BTL_IDLEWEAK;ANH_SUB_F0_NTC_BTL_HIT;ANH_SUB_F0_NTC_BTL_HITSTRONG;ANH_SUB_F0_NTC_BTL_IDLEKO;ANH_SUB_F0_NTC_BTL_WEAK_STAND;ANH_SUB_F0_NTC_BTL_KO_WEAK;ANH_SUB_F0_NTC_BTL_STAND_WEAK;ANH_SUB_F0_NTC_BTL_WEAK_KO;ANH_SUB_F0_NTC_BTL_IDLEREADY;ANH_SUB_F0_NTC_BTL_STAND_READY;ANH_SUB_F0_NTC_BTL_WEAK_READY;ANH_SUB_F0_NTC_BTL_READY_DEFEND;ANH_SUB_F0_NTC_BTL_IDLEDEFEND;ANH_SUB_F0_NTC_BTL_DEFEND_STAND;ANH_SUB_F0_NTC_BTL_COVER;ANH_SUB_F0_NTC_BTL_DODGE;ANH_SUB_F0_NTC_BTL_FLEE;ANH_SUB_F0_NTC_BTL_VICTORY;ANH_SUB_F0_NTC_BTL_VICTORYLOOP;ANH_SUB_F0_NTC_BTL_READY_ATTACK;ANH_SUB_F0_NTC_B;ANH_SUB_F0_NTC_B;ANH_SUB_F0_NTC_BTL_ATTACK2;ANH_SUB_F0_NTC_B;ANH_SUB_F0_NTC_B;ANH_SUB_F0_NTC_BTL_READY_CAST;ANH_SUB_F0_NTC_BTL_IDLE_CAST;ANH_SUB_F0_NTC_BTL_CAST_STAND;ANH_SUB_F0_NTC_BTL_MOVEFORWARD;ANH_SUB_F0_NTC_BTL_MOVEBACKWARD;ANH_SUB_F0_NTC_BTL_ITEM;ANH_SUB_F0_NTC_BTL_READY_STAND;ANH_SUB_F0_NTC_BTL_SPECIAL_CAST;10038;24;1, 14, 196, 204, 0;20, 20, 20, 20, 20, 1;-10, 0, -7, -1, -7, -18;-1, -2, -9, -10, -6, 0;899, 21;1,1,1;19.000000000, 2.000000000, 41.500000000;80.541720000, 251.137900000, 251.897900000;# Custom battle parameters 29
30;face24;GEO_SUB_F0_NTA;GEO_SUB_F0_NTA;255, 96, 96;ANH_SUB_F0_NTA_BTL_IDLE;ANH_SUB_F0_NTA_BTL_IDLEWEAK;ANH_SUB_F0_NTA_BTL_HIT;ANH_SUB_F0_NTA_BTL_HITSTRONG;ANH_SUB_F0_NTA_BTL_IDLEKO;ANH_SUB_F0_NTA_BTL_WEAK_STAND;ANH_SUB_F0_NTA_BTL_KO_WEAK;ANH_SUB_F0_NTA_BTL_STAND_WEAK;ANH_SUB_F0_NTA_BTL_WEAK_KO;ANH_SUB_F0_NTA_BTL_IDLEREADY;ANH_SUB_F0_NTA_BTL_STAND_READY;ANH_SUB_F0_NTA_BTL_WEAK_READY;ANH_SUB_F0_NTA_BTL_READY_DEFEND;ANH_SUB_F0_NTA_BTL_IDLEDEFEND;ANH_SUB_F0_NTA_BTL_DEFEND_STAND;ANH_SUB_F0_NTA_BTL_COVER;ANH_SUB_F0_NTA_BTL_DODGE;ANH_SUB_F0_NTA_BTL_FLEE;ANH_SUB_F0_NTA_BTL_VICTORY;ANH_SUB_F0_NTA_BTL_VICTORYLOOP;ANH_SUB_F0_NTA_BTL_READY_ATTACK;ANH_SUB_F0_NTA_P;ANH_SUB_F0_NTA_BTL_ATTACK1;ANH_SUB_F0_NTA_BTL_ATTACK2;ANH_SUB_F0_NTA_BTL_JUMPBACK1;ANH_SUB_F0_NTA_BTL_JUMPBACK2;ANH_SUB_F0_NTA_BTL_READY_CAST;ANH_SUB_F0_NTA_BTL_IDLE_CAST;ANH_SUB_F0_NTA_BTL_CAST_STAND;ANH_SUB_F0_NTA_BTL_MOVEFORWARD;ANH_SUB_F0_NTA_BTL_MOVEBACKWARD;ANH_SUB_F0_NTA_BTL_ITEM;ANH_SUB_F0_NTA_BTL_READY_STAND;ANH_SUB_F0_NTA_BTL_SPECIAL_CAST;10043;25;1, 10, 196, 204, 0;21, 21, 21, 21, 21, 1;-10, 0, -7, -1, -7, -18;-1, -2, -9, -10, -6, 0;902, 70;1,1,1;9.000000000, -2.500000000, 38.500000000;282.037300000, 274.905500000, 85.409870000;# Custom battle parameters 30
31;face25;GEO_SUB_F0_RBY;GEO_SUB_F0_RBY;224, 67, 216;ANH_SUB_F0_RBY_BTL_IDLE;ANH_SUB_F0_RBY_BTL_IDLEWEAK;ANH_SUB_F0_RBY_BTL_HIT;ANH_SUB_F0_RBY_BTL_HITSTRONG;ANH_SUB_F0_RBY_BTL_IDLEKO;ANH_SUB_F0_RBY_BTL_WEAK_STAND;ANH_SUB_F0_RBY_BTL_KO_WEAK;ANH_SUB_F0_RBY_BTL_STAND_WEAK;ANH_SUB_F0_RBY_BTL_WEAK_KO;ANH_SUB_F0_RBY_BTL_IDLEREADY;ANH_SUB_F0_RBY_BTL_STAND_READY;ANH_SUB_F0_RBY_BTL_WEAK_READY;ANH_SUB_F0_RBY_BTL_READY_DEFEND;ANH_SUB_F0_RBY_BTL_IDLEDEFEND;ANH_SUB_F0_RBY_BTL_DEFEND_STAND;ANH_SUB_F0_RBY_BTL_COVER;ANH_SUB_F0_RBY_BTL_DODGE;ANH_SUB_F0_RBY_BTL_FLEE;ANH_SUB_F0_RBY_BTL_VICTORY;ANH_SUB_F0_RBY_BTL_VICTORYLOOP;ANH_SUB_F0_RBY_BTL_READY_ATTACK;ANH_SUB_F0_RBY_B;ANH_SUB_F0_RBY_B;ANH_SUB_F0_RBY_B;ANH_SUB_F0_RBY_B;ANH_SUB_F0_RBY_B;ANH_SUB_F0_RBY_BTL_READY_CAST;ANH_SUB_F0_RBY_BTL_IDLE_CAST;ANH_SUB_F0_RBY_BTL_CAST_STAND;ANH_SUB_F0_RBY_BTL_MOVEFORWARD;ANH_SUB_F0_RBY_BTL_MOVEBACKWARD;ANH_SUB_F0_RBY_BTL_ITEM;ANH_SUB_F0_RBY_BTL_READY_STAND;ANH_SUB_F0_RBY_BTL_SPECIAL_CAST;104;11;1, 10, 140, 144, 36;3, 3, 3, 3, 3, 1;-10, 0, -7, -1, -7, -18;-1, -2, -9, -8, -5, 0;904, 22;1,1,1;-3.500000000,-7.000000000,23.500000000;270.000000000,5.999999000,0.000000000;# Custom battle parameters 31
#! -IncludeWeaponOffsets
32;face26;GEO_SUB_F0_BAK;GEO_SUB_F0_BAK;208, 34, 37;ANH_SUB_F0_BAK_BTL_IDLE;ANH_SUB_F0_BAK_BTL_IDLEWEAK;ANH_SUB_F0_BAK_BTL_HIT;ANH_SUB_F0_BAK_BTL_HITSTRONG;ANH_SUB_F0_BAK_BTL_IDLEKO;ANH_SUB_F0_BAK_BTL_WEAK_STAND;ANH_SUB_F0_BAK_BTL_KO_WEAK;ANH_SUB_F0_BAK_BTL_STAND_WEAK;ANH_SUB_F0_BAK_BTL_WEAK_KO;ANH_SUB_F0_BAK_BTL_IDLE;ANH_SUB_F0_BAK_BTL_IDLE;ANH_SUB_F0_BAK_BTL_IDLE;ANH_SUB_F0_BAK_BTL_READY_DEFEND;ANH_SUB_F0_BAK_BTL_IDLEDEFEND;ANH_SUB_F0_BAK_BTL_DEFEND_STAND;ANH_SUB_F0_BAK_BTL_COVER;ANH_SUB_F0_BAK_BTL_DODGE;ANH_SUB_F0_BAK_BTL_FLEE;ANH_SUB_F0_BAK_BTL_VICTORY;ANH_SUB_F0_BAK_BTL_VICTORYLOOP;ANH_SUB_F0_BAK_BTL_READY_ATTACK;ANH_SUB_F0_BAK_BTL_ATTACKRUN;ANH_SUB_F0_BAK_BTL_ATTACK1;ANH_SUB_F0_BAK_BTL_ATTACK2;ANH_SUB_F0_BAK_BTL_JUMPBACK1;ANH_SUB_F0_BAK_BTL_JUMPBACK2;ANH_SUB_F0_BAK_BTL_READY_CAST;ANH_SUB_F0_BAK_BTL_IDLE_CAST;ANH_SUB_F0_BAK_BTL_CAST_STAND;ANH_SUB_F0_BAK_BTL_MOVEFORWARD;ANH_SUB_F0_BAK_BTL_MOVEBACKWARD;ANH_SUB_F0_BAK_BTL_ITEM;ANH_SUB_F0_BAK_BTL_IDLE;ANH_SUB_F0_BAK_BTL_SPECIAL_CAST;10063;16;1, 1, 210, 204, 0;8, 8, 8, 8, 8, 1;-11, 0, -6, -1, -6, -22;-1, -1, -9, -9, -5, 0;902, 673;# Custom battle parameters 32
